candidate_pool_size,precision_at_5,recall_at_5,mrr,ndcg_at_5,vs_current_improvements,vs_current_degradations,vs_current_mixed,vs_current_no_change,vs_hybrid_improvements,vs_hybrid_degradations,vs_hybrid_mixed,vs_hybrid_no_change
5,0.3666666666666667,0.6597222222222222,0.725,0.576026708149199,8,2,1,1,6,4,1,1
6,0.3666666666666667,0.6875,0.7041666666666666,0.5883159595174257,6,2,0,4,4,4,3,1
7,0.3833333333333333,0.7013888888888888,0.7208333333333333,0.5921956561968392,6,2,0,4,4,4,3,1
8,0.3833333333333333,0.7013888888888888,0.7208333333333333,0.6014177595018281,5,2,0,5,4,4,3,1
9,0.3666666666666667,0.6875,0.6902777777777778,0.5849527347296913,5,2,0,5,3,4,4,1
10,0.3833333333333333,0.7152777777777778,0.6902777777777778,0.5987214710858597,5,0,0,7,3,4,4,1
11,0.35000000000000003,0.6458333333333334,0.6833333333333332,0.5557828179504067,3,0,0,9,3,6,2,1
12,0.3333333333333333,0.6041666666666666,0.6833333333333332,0.5357427276910774,2,0,0,10,2,6,3,1
13,0.3333333333333333,0.6041666666666666,0.6791666666666667,0.5335974806047621,1,0,0,11,2,6,3,1
14,0.3333333333333333,0.6041666666666666,0.6791666666666667,0.531182159745765,0,0,0,12,2,6,3,1
15,0.3333333333333333,0.6041666666666666,0.6791666666666667,0.531182159745765,0,0,0,12,2,6,3,1
16,0.3333333333333333,0.6041666666666666,0.6791666666666667,0.531182159745765,0,0,0,12,2,6,3,1
17,0.3333333333333333,0.6041666666666666,0.6791666666666667,0.531182159745765,0,0,0,12,2,6,3,1
18,0.3333333333333333,0.6041666666666666,0.6791666666666667,0.531182159745765,0,0,0,12,2,6,3,1
19,0.3333333333333333,0.6041666666666666,0.6791666666666667,0.531182159745765,0,0,0,12,2,6,3,1
20,0.3333333333333333,0.6041666666666666,0.6791666666666667,0.531182159745765,0,0,0,12,2,6,3,1
