branch_depth,rank_constant,dense_weight,lexical_weight,precision_at_5,recall_at_5,mrr,ndcg_at_5,improvements,degradations,mixed,no_change
10,1,1.0,0.5,0.3,0.548611111111111,0.6180555555555556,0.497123237132757,3,7,0,2
10,1,1.0,0.75,0.3333333333333333,0.6180555555555555,0.6319444444444444,0.5365506425913636,5,5,0,2
10,1,1.0,1.0,0.3833333333333333,0.6875,0.6486111111111111,0.5754000986187381,5,4,0,3
10,1,1.0,1.25,0.3833333333333333,0.6875,0.7013888888888888,0.5857168368103124,5,3,1,3
10,1,1.0,1.5,0.3833333333333333,0.6875,0.6972222222222223,0.5841241418518331,5,3,1,3
10,1,1.0,2.0,0.3666666666666667,0.6458333333333334,0.7180555555555556,0.5918145707977275,5,4,2,1
10,1,1.0,3.0,0.3833333333333333,0.6597222222222222,0.7222222222222222,0.6273371504728045,6,3,2,1
10,5,1.0,0.5,0.2833333333333333,0.4930555555555555,0.5208333333333334,0.4360498626673183,2,6,0,4
10,5,1.0,0.75,0.3333333333333333,0.5763888888888888,0.5333333333333333,0.4723126138998797,2,5,0,5
10,5,1.0,1.0,0.3666666666666667,0.6319444444444444,0.5652777777777778,0.5191288946299967,2,1,0,9
10,5,1.0,1.25,0.3833333333333333,0.6736111111111112,0.5750000000000001,0.5618811993507483,4,0,0,8
10,5,1.0,1.5,0.3833333333333333,0.6736111111111112,0.6208333333333333,0.5587210841159692,4,4,0,4
10,5,1.0,2.0,0.3833333333333333,0.6736111111111112,0.6041666666666666,0.5457769865656967,5,4,1,2
10,5,1.0,3.0,0.3833333333333333,0.6666666666666666,0.6666666666666666,0.5774116351889748,5,4,2,1
10,10,1.0,0.5,0.3,0.5069444444444444,0.5375,0.45498706718590104,3,4,0,5
10,10,1.0,0.75,0.2833333333333333,0.46527777777777773,0.47500000000000003,0.42613663736621427,2,4,0,6
10,10,1.0,1.0,0.35000000000000003,0.5902777777777778,0.5305555555555556,0.49509164962045826,0,0,0,12
10,10,1.0,1.25,0.3666666666666667,0.6319444444444444,0.5444444444444444,0.5166585561382174,3,2,0,7
10,10,1.0,1.5,0.3666666666666667,0.6319444444444444,0.5444444444444444,0.5136288030507362,3,3,0,6
10,10,1.0,2.0,0.3666666666666667,0.6527777777777778,0.6166666666666667,0.5439997603611446,6,3,0,3
10,10,1.0,3.0,0.39999999999999997,0.6944444444444445,0.611111111111111,0.5769051451275053,8,3,0,1
10,20,1.0,0.5,0.2833333333333333,0.46527777777777773,0.5166666666666667,0.43612648092727047,3,3,0,6
10,20,1.0,0.75,0.2833333333333333,0.46527777777777773,0.47500000000000003,0.42987167608897997,2,3,0,7
10,20,1.0,1.0,0.35000000000000003,0.5902777777777778,0.5305555555555556,0.49509164962045826,0,0,0,12
10,20,1.0,1.25,0.3666666666666667,0.6319444444444444,0.5444444444444444,0.5136288030507362,3,3,0,6
10,20,1.0,1.5,0.35000000000000003,0.611111111111111,0.5861111111111111,0.5122648636057795,4,3,0,5
10,20,1.0,2.0,0.35000000000000003,0.611111111111111,0.5861111111111111,0.5119337454656062,5,3,0,4
10,20,1.0,3.0,0.3666666666666667,0.638888888888889,0.5347222222222222,0.524878212902286,7,3,0,2
10,40,1.0,0.5,0.2833333333333333,0.46527777777777773,0.5166666666666667,0.43612648092727047,3,3,0,6
10,40,1.0,0.75,0.2833333333333333,0.46527777777777773,0.47500000000000003,0.42987167608897997,2,3,0,7
10,40,1.0,1.0,0.35000000000000003,0.5902777777777778,0.5305555555555556,0.49509164962045826,0,0,0,12
10,40,1.0,1.25,0.35000000000000003,0.611111111111111,0.5861111111111111,0.5122648636057795,4,3,0,5
10,40,1.0,1.5,0.35000000000000003,0.611111111111111,0.5861111111111111,0.5122648636057795,4,3,0,5
10,40,1.0,2.0,0.35000000000000003,0.611111111111111,0.5861111111111111,0.5119337454656062,5,3,0,4
10,40,1.0,3.0,0.3666666666666667,0.638888888888889,0.5347222222222222,0.524878212902286,7,3,0,2
10,60,1.0,0.5,0.2833333333333333,0.46527777777777773,0.5166666666666667,0.43612648092727047,3,3,0,6
10,60,1.0,0.75,0.2833333333333333,0.46527777777777773,0.47500000000000003,0.42987167608897997,2,3,0,7
10,60,1.0,1.0,0.35000000000000003,0.5902777777777778,0.5305555555555556,0.49509164962045826,0,0,0,12
10,60,1.0,1.25,0.35000000000000003,0.611111111111111,0.5861111111111111,0.5122648636057795,4,3,0,5
10,60,1.0,1.5,0.35000000000000003,0.611111111111111,0.5861111111111111,0.5122648636057795,4,3,0,5
10,60,1.0,2.0,0.35000000000000003,0.611111111111111,0.5861111111111111,0.5119337454656062,5,3,0,4
10,60,1.0,3.0,0.3666666666666667,0.638888888888889,0.5347222222222222,0.524878212902286,7,3,0,2
20,1,1.0,0.5,0.3333333333333333,0.6180555555555555,0.6458333333333334,0.5371673081677054,4,7,0,1
20,1,1.0,0.75,0.38333333333333336,0.7013888888888888,0.7041666666666666,0.5979747485104443,6,4,0,2
20,1,1.0,1.0,0.35000000000000003,0.6319444444444444,0.6527777777777778,0.5561436207829072,5,4,1,2
20,1,1.0,1.25,0.35000000000000003,0.6319444444444444,0.7013888888888888,0.5652973764570871,5,4,1,2
20,1,1.0,1.5,0.3666666666666667,0.6458333333333334,0.6972222222222223,0.5662980236346574,5,4,1,2
20,1,1.0,2.0,0.3666666666666667,0.6458333333333334,0.7180555555555556,0.5939918842792157,5,4,2,1
20,1,1.0,3.0,0.38333333333333336,0.6805555555555555,0.7388888888888889,0.6379974278531148,7,3,2,0
20,5,1.0,0.5,0.26666666666666666,0.4791666666666667,0.5277777777777778,0.43438191174141844,2,7,0,3
20,5,1.0,0.75,0.35000000000000003,0.6458333333333334,0.5263888888888889,0.5046481266649813,3,6,0,3
20,5,1.0,1.0,0.3833333333333333,0.7013888888888888,0.5902777777777778,0.5686083545923653,5,3,0,4
20,5,1.0,1.25,0.39999999999999997,0.7291666666666666,0.6208333333333333,0.5966459759688832,5,4,0,3
20,5,1.0,1.5,0.3666666666666667,0.6597222222222222,0.6666666666666666,0.5602804984879474,5,5,1,1
20,5,1.0,2.0,0.3666666666666667,0.6319444444444444,0.625,0.5362468701451936,4,4,2,2
20,5,1.0,3.0,0.3666666666666667,0.6388888888888888,0.7222222222222222,0.6027091077711377,6,4,1,1
20,10,1.0,0.5,0.3,0.5347222222222222,0.5069444444444444,0.4526115352001245,2,6,0,4
20,10,1.0,0.75,0.3,0.5347222222222222,0.4791666666666667,0.44751155856243136,2,7,0,3
20,10,1.0,1.0,0.3833333333333333,0.7013888888888888,0.5416666666666666,0.5425970413847018,4,4,0,4
20,10,1.0,1.25,0.39999999999999997,0.7152777777777778,0.5930555555555556,0.5599251933275304,6,3,0,3
20,10,1.0,1.5,0.3833333333333333,0.6875,0.6069444444444444,0.551930345280964,5,4,0,3
20,10,1.0,2.0,0.35000000000000003,0.611111111111111,0.6458333333333334,0.5323708492980015,5,3,2,2
20,10,1.0,3.0,0.3666666666666667,0.6388888888888888,0.6527777777777778,0.5582753050385829,6,3,2,1
20,20,1.0,0.5,0.2833333333333334,0.5069444444444444,0.5208333333333334,0.45023327867063506,3,6,0,3
20,20,1.0,0.75,0.3,0.5347222222222222,0.4791666666666667,0.45504311461905506,2,5,0,5
20,20,1.0,1.0,0.3666666666666667,0.6597222222222222,0.5375,0.5274746533239455,3,2,0,7
20,20,1.0,1.25,0.3833333333333333,0.6875,0.5499999999999999,0.5248653535282335,3,4,1,4
20,20,1.0,1.5,0.38333333333333336,0.6944444444444445,0.6097222222222222,0.5518749821689047,4,4,1,3
20,20,1.0,2.0,0.35000000000000003,0.625,0.6180555555555556,0.5188938468554436,5,3,2,2
20,20,1.0,3.0,0.3666666666666667,0.6388888888888888,0.5833333333333334,0.5382687549873365,6,3,2,1
20,40,1.0,0.5,0.2833333333333334,0.5069444444444444,0.5208333333333334,0.4499489756770228,3,6,0,3
20,40,1.0,0.75,0.3,0.5347222222222222,0.4791666666666667,0.4525334387223363,2,5,0,5
20,40,1.0,1.0,0.35000000000000003,0.6180555555555556,0.5333333333333333,0.507530971118068,4,2,0,6
20,40,1.0,1.25,0.35000000000000003,0.625,0.5750000000000001,0.5045643116749391,3,4,1,4
20,40,1.0,1.5,0.35000000000000003,0.625,0.5750000000000001,0.5033554483732517,3,4,1,4
20,40,1.0,2.0,0.3333333333333333,0.5972222222222222,0.5819444444444445,0.4922365195582163,3,4,2,3
20,40,1.0,3.0,0.3666666666666667,0.6388888888888888,0.5625,0.5338366507792307,5,4,2,1
20,60,1.0,0.5,0.2833333333333334,0.5069444444444444,0.5208333333333334,0.4499489756770228,3,6,0,3
20,60,1.0,0.75,0.3,0.5347222222222222,0.4791666666666667,0.45203341722988816,2,4,0,6
20,60,1.0,1.0,0.35000000000000003,0.6180555555555556,0.5291666666666667,0.5053857240317526,4,2,0,6
20,60,1.0,1.25,0.35000000000000003,0.625,0.5708333333333333,0.5011424110184023,3,4,1,4
20,60,1.0,1.5,0.35000000000000003,0.625,0.5750000000000001,0.5029226265036115,3,4,1,4
20,60,1.0,2.0,0.35000000000000003,0.625,0.5819444444444445,0.5091437655711957,4,4,1,3
20,60,1.0,3.0,0.3666666666666667,0.638888888888889,0.5305555555555556,0.5090631268138847,5,4,2,1
